larghezze,seed,n_param,auc_val,ap_val,epoca_migliore
16,1,1953,0.8569486523920623,0.306203571049397,13
16,2,1953,0.8585540918403328,0.3109688951856457,46
16,3,1953,0.8570794730625199,0.2939093749372841,13
16,4,1953,0.8602130338421793,0.3187606510391736,26
16-16-16,1,2497,0.8744523987253066,0.3762921276078217,33
16-16-16,2,2497,0.871672772840758,0.4189755465843552,15
16-16-16,3,2497,0.8694946713501743,0.4021107690895387,19
16-16-16,4,2497,0.8659273506571215,0.3552643066297565,10
64-64,1,11969,0.8614872654356681,0.3444415539007244,4
64-64,2,11969,0.8631872084696324,0.346900652494382,7
64-64,3,11969,0.8635139962614183,0.3482661331676909,6
64-64,4,11969,0.8641587976900883,0.3377640522526828,5
16-16-64,1,3361,0.8653587458368118,0.3898589653850379,24
16-16-64,2,3361,0.8698226796071159,0.3885177463573328,18
16-16-64,3,3361,0.8688524427939944,0.4008182704057283,14
16-16-64,4,3361,0.8725954115128128,0.3878753715533909,9
32-32-32,1,6017,0.8619811250115863,0.3510186768978146,5
32-32-32,2,6017,0.8681344794270804,0.3529308928678088,6
32-32-32,3,6017,0.8600647638185519,0.3412946177584837,4
32-32-32,4,6017,0.8631141784735676,0.3342460434419547,4
256-256-256-256,1,228609,0.8600315473749939,0.3533671160883765,3
256-256-256-256,2,228609,0.8630726496727339,0.3456371726044228,3
256-256-256-256,3,228609,0.8608590557360046,0.365597472282487,5
256-256-256-256,4,228609,0.8633544121959434,0.382205420199022,3
16,5,1953,0.8594278129495311,0.32361859969526796,24
16-16-16,5,2497,0.8713733960366548,0.37198401203658454,19
16-32-16-16,1,3297,0.8683579894782709,0.37782150905822726,24
16-32-16-16,2,3297,0.8661926863790481,0.38318923333167276,17
16-32-16-16,3,3297,0.8745185017569751,0.40055747203483877,19
16-32-16-16,4,3297,0.8707516185182167,0.3878663623994906,20
16-32-16-16,5,3297,0.8770888013745737,0.4259618278789763,22
16-16-64,5,3361,0.8671599215075978,0.39285183189827694,17
16-32-32,1,3569,0.8650384561973405,0.34547445378228014,5
16-32-32,2,3569,0.8715154317923256,0.3722391383523126,12
16-32-32,3,3569,0.8687676699440003,0.40175203195183734,9
16-32-32,4,3569,0.8653426488909765,0.37101630848005535,17
16-32-32,5,3569,0.862074573059848,0.36503646709437987,12
16-32-32-64,1,5713,0.8643225379342011,0.39745800061938946,18
16-32-32-64,2,5713,0.8692680276722333,0.3943109684324211,12
16-32-32-64,3,5713,0.8709016037901711,0.40752381888406136,12
16-32-32-64,4,5713,0.8697032059640505,0.41002539506901375,20
16-32-32-64,5,5713,0.8748001983090951,0.394488648054807,20
32-32-32,5,6017,0.8697253722501189,0.392648100058355,12
32-16-128,1,6705,0.8725419419447815,0.40066997187648645,12
32-16-128,2,6705,0.8706831735128714,0.38235039543340854,9
32-16-128,3,6705,0.8696871420037597,0.3896575898638101,9
32-16-128,4,6705,0.870350382351942,0.3966162076849872,11
32-16-128,5,6705,0.8651496174831304,0.3754444723147927,6
16-32-32-128,1,7889,0.8685783988882553,0.38182354867791285,11
16-32-32-128,2,7889,0.8669481872958814,0.39565678368620655,15
16-32-32-128,3,7889,0.8725178954826626,0.4307925936720156,14
16-32-32-128,4,7889,0.8730184511241638,0.40211709791379824,9
16-32-32-128,5,7889,0.8683289621988955,0.3529276875475878,6
16-128-16-128,1,8481,0.8750272048280282,0.4120144827479911,15
16-128-16-128,2,8481,0.8662095090068679,0.40600954737037664,19
16-128-16-128,3,8481,0.8716125412360543,0.4064678882460465,15
16-128-16-128,4,8481,0.8758385172865695,0.4260741173575535,17
16-128-16-128,5,8481,0.870344675852701,0.41374266140914306,11
16-32-128-32,1,10865,0.8738221109363242,0.4040963208174598,11
16-32-128-32,2,10865,0.870571847299358,0.38812843845040096,11
16-32-128-32,3,10865,0.8654844207622895,0.39844916104295214,8
16-32-128-32,4,10865,0.8706526618839825,0.38850743010598954,11
16-32-128-32,5,10865,0.8683825966946506,0.41762013530111614,10
64-64,5,11969,0.8627709308949539,0.3427210829420646,5
16-256-32,1,14545,0.865714725835697,0.3957267963489186,14
16-256-32,2,14545,0.8605027458816723,0.38775851344073364,13
16-256-32,3,14545,0.8699676840618135,0.4089444461601996,20
16-256-32,4,14545,0.8713975414554082,0.40558804464048775,13
16-256-32,5,14545,0.8669353889045204,0.3883731442810218,8
32-16-128-64,1,14897,0.872581920425012,0.39817063367225436,8
32-16-128-64,2,14897,0.8707339382662337,0.3921602825417323,10
32-16-128-64,3,14897,0.8672091359403569,0.3801077888191769,3
32-16-128-64,4,14897,0.8660279235830484,0.37594067394460917,4
32-16-128-64,5,14897,0.8696376307010979,0.3627998501750258,5
32-32-128-64,1,17473,0.8631740472372793,0.34850586915188786,3
32-32-128-64,2,17473,0.874740494473107,0.4134901077921881,10
32-32-128-64,3,17473,0.8590540867275734,0.3889786176933486,5
32-32-128-64,4,17473,0.8677238093950088,0.389951951218581,7
32-32-128-64,5,17473,0.8636045745672873,0.38997264101692963,5
64-32-256,1,18529,0.8618336466410326,0.3687983292211852,5
64-32-256,2,18529,0.863947558261543,0.37384678744377764,6
64-32-256,3,18529,0.8713017514334693,0.3981378917770089,6
64-32-256,4,18529,0.8690688939386093,0.39413456859394885,6
64-32-256,5,18529,0.8668826780040182,0.38350627555515426,5
16-16-64-256,1,20193,0.8629407734648444,0.40478437435444187,10
16-16-64-256,2,20193,0.8771107037762842,0.4060008511101189,11
16-16-64-256,3,20193,0.870444457125554,0.3830591546945325,7
16-16-64-256,4,20193,0.871114426524864,0.40379052780357255,8
16-16-64-256,5,20193,0.8628302718899497,0.37525107183035455,4
32-32-64-256,1,23937,0.8667488886345337,0.36648040222459644,3
32-32-64-256,2,23937,0.8688847356422995,0.3898681107032595,4
32-32-64-256,3,23937,0.873189646101389,0.3849897365478753,5
32-32-64-256,4,23937,0.8662002400687947,0.37706518864497596,6
32-32-64-256,5,23937,0.866307838915752,0.38625925500249286,4
16-256-128-16,1,41265,0.8713445996560927,0.37302402802960144,10
16-256-128-16,2,41265,0.8617019353608668,0.3634371776201375,5
16-256-128-16,3,41265,0.8697351359713632,0.4033710875323813,7
16-256-128-16,4,41265,0.8666861501284292,0.38794345871342073,11
16-256-128-16,5,41265,0.8683624095412668,0.3893278761116067,8
32-32-256-128,1,46401,0.8677602914074964,0.39047116812699356,7
32-32-256-128,2,46401,0.8703175947204655,0.397380941992455,8
32-32-256-128,3,46401,0.8725995676914505,0.37556322006730325,4
32-32-256-128,4,46401,0.8675841485985596,0.4009402675287046,4
32-32-256-128,5,46401,0.8663299722162756,0.41118961179394553,6
16-64-256-128,1,52689,0.8792638022239514,0.40801406069314994,11
16-64-256-128,2,52689,0.8684262695558925,0.4051211502511577,9
16-64-256-128,3,52689,0.8763888151295458,0.4202976169556275,11
16-64-256-128,4,52689,0.8723305046029679,0.3873029623816793,5
16-64-256-128,5,52689,0.8690437589535138,0.3797258981209175,4
16-128-128-256,1,53905,0.8730296002382876,0.3947848583842126,4
16-128-128-256,2,53905,0.8720767138217019,0.4001199466573416,5
16-128-128-256,3,53905,0.869330733192793,0.41677576291294943,7
16-128-128-256,4,53905,0.8697684513715556,0.40606560216449605,7
16-128-128-256,5,53905,0.8689963917112602,0.38742385089534537,4
64-128-128-256,1,65857,0.8593323527830399,0.370520736280475,4
64-128-128-256,2,65857,0.8679035476283228,0.4235590525581833,6
64-128-128-256,3,65857,0.8644415497796402,0.38217111438149065,5
64-128-128-256,4,65857,0.8661675513939526,0.41655481894231133,5
64-128-128-256,5,65857,0.8645440688527066,0.36149072787548137,3
16-256-128-256,1,72465,0.8681490590378579,0.4197637784352074,13
16-256-128-256,2,72465,0.8679461319665882,0.4024264303557093,5
16-256-128-256,3,72465,0.8722326364917103,0.41523442840596686,8
16-256-128-256,4,72465,0.8653345014614247,0.3956035457272232,5
16-256-128-256,5,72465,0.8771550693339657,0.40506387458906923,13
32-256-256,1,78369,0.8594927944726782,0.38741222803935843,5
32-256-256,2,78369,0.8665075334036364,0.4090992587290388,7
32-256-256,3,78369,0.8689564132310297,0.3669561383391761,3
32-256-256,4,78369,0.8601253582642479,0.37362649656711294,4
32-256-256,5,78369,0.8684380124098218,0.36225185499742385,2
16-256-256-64,1,88593,0.8722229387415552,0.41453707213983926,9
16-256-256-64,2,88593,0.8702082806251815,0.4309771833381675,14
16-256-256-64,3,88593,0.8717939287466053,0.4378490276924969,9
16-256-256-64,4,88593,0.8730376487112053,0.4020435583899176,6
16-256-256-64,5,88593,0.8719641671430329,0.3940009117471667,4
256-256-64-256,1,130113,0.859127908376712,0.3325246047883336,3
256-256-64-256,2,130113,0.8581729108852627,0.39144504431094074,6
256-256-64-256,3,130113,0.8652572493156324,0.3790230490590996,4
256-256-64-256,4,130113,0.86153934961082,0.3267067679338877,2
256-256-64-256,5,130113,0.8647275014670321,0.3300038275593002,3
256-256-128-16,1,131745,0.8600168028364931,0.30926469176754906,2
256-256-128-16,2,131745,0.8596404377709557,0.34249679040203107,3
256-256-128-16,3,131745,0.8617574170471274,0.32985101116005866,6
256-256-128-16,4,131745,0.8650781378076686,0.33602718157488215,3
256-256-128-16,5,131745,0.8592350454260429,0.327795831861598,3
32-256-256-256,1,144161,0.8634305758187589,0.37918884483046156,4
32-256-256-256,2,144161,0.8703699757655203,0.39925625918561164,4
32-256-256-256,3,144161,0.859666232466946,0.38175582423876236,4
32-256-256-256,4,144161,0.8699450889636635,0.38314371215523463,6
32-256-256-256,5,144161,0.8711994302736712,0.40204349891217833,5
256-256-256-256,5,228609,0.8622586983706131,0.33549102911178136,2
