larghezze,profondita,n_param,auc_val,ap_val,epoca_migliore,tempo_s
64,1,7809,0.8585918932746103,0.30376999782517106,9,9.951693375000104
128,1,15617,0.8532166018885544,0.3253279269457929,10,10.703336665999814
16-16-128,3,4513,0.8700718524121175,0.39819576582526084,15,15.20219033399917
64-16-32,3,9361,0.8600941869244639,0.3280625944593444,4,13.488302374999876
64-256,2,24641,0.8658136164988417,0.3370242645622891,5,11.45323420800014
32-32-16,3,5473,0.8685153635122479,0.37620667247083367,13,13.144220250000217
16-256-128-16,4,41265,0.8710827274163643,0.4116172113502673,11,16.965934124999876
16-16-16-32,4,3057,0.8665615967114733,0.3536664479410066,17,13.038178916000106
16-64,2,3089,0.8631715403358785,0.35001509121468044,9,11.203221333000329
256-128-64-128,4,80577,0.8660855493297173,0.33090464584020546,3,17.21369208299984
256-128-32,3,68033,0.8613466810439662,0.31982871534686624,2,14.01881208299983
16-128-256,3,37393,0.8667381683324916,0.39153637014779125,8,12.596747708000294
256-256-128-256,4,162945,0.8633300688639217,0.37479296663007045,4,16.48498812499929
64-256-16-32,4,29073,0.8611033136948395,0.28563808788857087,3,15.866244709000057
32-64-64,3,10209,0.861957111535012,0.33938550305025306,6,11.1992804169995
16-128-128-256,4,53905,0.8717899374956913,0.38665170455195674,5,13.743423208000422
16-32-256,3,11185,0.8712876995914081,0.41785026342412046,17,12.462999000000309
128-256,2,48769,0.8595435262404956,0.3117873606153793,2,13.677100249999967
32-256-128-32,4,49377,0.8683432779253147,0.39403486103986746,7,14.02897216600013
256-128,2,64001,0.8616277178851911,0.33012894310268903,3,15.484800999999607
128-16-16-32,4,18401,0.8593582794212092,0.2876116904077429,2,16.46388883399959
32-16-64-64,4,9713,0.870849915441556,0.39073729109950145,8,16.293537458000174
128-128-16,3,34081,0.8588335453754101,0.35092018992283774,5,12.91315241600023
256,1,31233,0.8570972522711372,0.31007075423132524,6,12.018788957999277
64-128-16,3,18145,0.861517645122378,0.33333820548055376,4,14.27246466699944
128-64-16,3,24801,0.8611760798065463,0.3589322030585211,7,14.936068707999766
128-16,2,17569,0.8617857846156078,0.3397176147993947,8,13.803349208000327
64-32,2,9857,0.862389848896518,0.3747499036376166,9,11.115477583000029
16,1,1953,0.8593187297530602,0.31354406662815215,19,9.45280858299975
256-64-32-64,4,51681,0.8636051683070928,0.316078972483168,5,17.23742591700011
64-32-256-64,4,34785,0.8652050002127568,0.3780638841011369,3,17.240639874999943
32,1,3905,0.8556241838139274,0.30070335195529496,8,9.560040874999686
128-16-32-128,4,22449,0.866609293809174,0.3710439672069322,5,13.843286709000495
128-64-128-16,4,34145,0.8605941488261599,0.3290060749267984,3,16.867360083000676
256-64,2,47489,0.858771268666932,0.33095384277178497,2,14.225494124999386
32-256-64,3,28833,0.8603361029096219,0.3945271712602241,7,13.080501999999797
32-64,2,6049,0.8619262040795862,0.3281965419261432,4,11.126365791999888
128-16-256,3,22161,0.8648121093893024,0.3706684739315938,5,16.923704083000302
16-32,2,2513,0.8624274524175272,0.3259852882334957,9,11.13100841600044
256-32-16,3,39745,0.8641270326104992,0.31942420630541857,3,15.70284008300041
16-64-256,3,19921,0.8691505331618525,0.3979341059577396,8,11.330434624999725
256-32,2,39233,0.8618007930384668,0.35537337795351465,5,13.968361833999552
128-128-16-64,4,35217,0.8622978851977698,0.33858102150724606,4,16.659733708999738
64-128-32-256,4,28897,0.8646325690692568,0.3872014886754578,4,14.163615625000602
256-16,2,35105,0.859795205946898,0.327153764567078,6,13.38104525000017
64-256-16-16,4,28785,0.8638699762603035,0.338862359623205,5,16.100487542000337
128-64-128,3,32193,0.8584474165886283,0.3915663032387025,7,15.23037929200018
64-32-128,3,14177,0.8639554088211923,0.33954938809023344,3,13.539486708999902
32-32-128,3,9281,0.8618501394134048,0.3805385597699808,8,15.100979750000079
256-64-32-256,4,58209,0.8635281140745693,0.34780875578644216,2,18.52484858400021
64-16-64-16,4,10929,0.8685024991497977,0.34498941645669173,6,15.756909249999808
256-256-64,3,113281,0.8638140987475059,0.35447775936648374,4,14.016002249999474
64-16-128-256,4,44241,0.8682787252142494,0.36575752560869934,4,14.084938625000177
32-128-64,3,16417,0.867594703972878,0.3512874521521361,5,12.374133791000531
256-256-64-32,4,115329,0.8672085751860962,0.34375586309167894,2,15.882637832999535
256-256-64-64,4,117441,0.8648319996727833,0.36539503661041406,3,16.6899653749997
128-32-128-256,4,57121,0.8676586959296828,0.3514207422390145,2,15.494084083999951
64-64,2,11969,0.863167483113875,0.33390326210082166,6,11.113865083999372
256-256-64-256,4,130113,0.8677278006459229,0.3677059920562069,4,16.038557124999897
128-64,2,23809,0.8609027285972468,0.3085783660446487,3,13.37011587500001
16-256-16-128,4,12705,0.8674415520886282,0.3887804141308499,19,15.907028457999331
32-16,2,4417,0.8612811387665584,0.34109353383701063,10,10.976792584000577
256-32-256,3,47905,0.8613580940424477,0.3219284912354355,2,16.154305125000064
64-128,2,16193,0.8644335013067223,0.37384061548279385,8,13.34716275000028
32-64-256-16,4,26753,0.8686953656299201,0.3977843191655081,6,16.10529554200002
32-256-16,3,16449,0.8618740869188896,0.3352197796729759,3,12.311440583000149
128-128-16-16,4,34353,0.862616657502183,0.3613341656885583,5,15.666193000000021
128-256-64-32,4,67073,0.8610536044789092,0.35552165326082585,3,16.87728850000076
32-32-32-32,4,7073,0.8686707584135404,0.36680109090341134,10,13.094891250000728
16-128,2,4241,0.8656423555505273,0.38681190780032615,19,11.059320542000023
64-16,2,8801,0.8588405383108959,0.3219924550866263,6,10.985999582999284
64-32-256,3,18529,0.871600402555588,0.3962066670311547,9,16.283480207999673
128-32,2,19649,0.8636648061719913,0.32381592123862923,3,14.712604249999458
32-256-128-128,4,61857,0.8637487213978219,0.3777763752407338,5,17.564072791999934
16-64-32-128,4,9457,0.8650687369274163,0.3679226112805369,4,13.541559458999473
256-256-16,3,100897,0.8665492601177386,0.35870453335496844,5,16.66210966699964
256-64-64-64,4,55809,0.8635568774695864,0.33024852631908663,3,15.997257624999293
16-32-128,3,6833,0.8695805657086895,0.39457254228703226,15,12.97207945899936
32-16-32-16,4,5489,0.867039755168093,0.36166684894953977,5,12.8215467910004
16-16-32,3,2785,0.8597416704077772,0.38798958889081836,18,13.054746083999817
128-128,2,32129,0.8591783762601716,0.35344064589748075,4,11.502930249999736
32-32-32-128,4,10337,0.872926025627789,0.39569790464986243,10,13.56403620799938
32-16-16,3,4689,0.8595902337718542,0.3441952827195155,10,13.00631945799978
64-128-64,3,24385,0.8640925627162409,0.3429910469122997,3,12.392136542000117
16-16,2,2225,0.8595105406957508,0.2971988182194964,20,10.888866041000256
128-256-64,3,65025,0.8623682763502549,0.3830270746022224,5,15.4628602089997
32-128-16,3,10177,0.861003367494263,0.3341006489856104,5,16.376047833000484
64-64-16,3,12961,0.8579133146481217,0.3456345813021033,4,13.152674708000632
256-16-64,3,36241,0.8611902306052419,0.3235004617531509,4,16.688348042000143
16-256-256-32,4,80337,0.8685571232118947,0.41304768855082213,12,12.744946750000054
16-32-32-64,4,5713,0.8706851856311009,0.36525698170486853,6,13.135346167000534
128-64-256-256,4,106433,0.8632749500186533,0.382115893568358,3,15.864187500000298
16-32-32,3,3569,0.8714348481065143,0.3898031272730623,19,13.131848834000266
32-16-32,3,4977,0.8623039545380029,0.370814891819428,10,13.050097000000278
16-64-64,3,7249,0.8658474596677498,0.398350986932432,11,13.427099665999776
64-128-32,3,20225,0.8641365654329303,0.35514869245115555,5,13.116587125000478
64-32-32-128,4,15233,0.8732488881397505,0.3841938444046759,6,13.727558124999632
32-16-32-256,4,13649,0.8727609659618865,0.390892599956833,6,13.907936208000137
128-32-128,3,23969,0.8673484338958138,0.35748875003929453,4,12.314559750000626
16-16-16,3,2497,0.8688279675197939,0.33321091575978906,15,13.09866995899938
64-256-16-256,4,33105,0.8705831283556608,0.41045262769946156,10,16.2930717499994
16-32-64,3,4657,0.8691008899170117,0.38449088781942536,17,13.214098415999615
32-128-32,3,12257,0.8624520596339066,0.3583557304705976,4,14.927267041999585
16-128-16-32,4,6753,0.8685785968015237,0.3966093897463245,18,16.524394665999353
16-256,2,6545,0.8604624705315389,0.34701228120769595,14,11.300438665999536
256-64-16-32,4,49041,0.8647675459183521,0.32768297517837885,3,17.057418833001066
16-32-16,3,3025,0.8669493088044027,0.37692392613594344,11,13.180943792000107
256-128-64-32,4,74241,0.863442450614867,0.32158954420383395,3,17.14619820900043
128-16-16-16,4,18113,0.861276388848115,0.30307405552067224,3,16.85678845899929
32-32,2,4961,0.8656248732118125,0.39366537119120276,14,11.054048291000072
64-256-128,3,57409,0.8626874774667497,0.3492013216772839,3,14.93838145799964
256-256,2,97025,0.8647690962389551,0.33311812679535796,3,14.040264749999551
128-64-64,3,27969,0.8612975655678412,0.33424916716013087,3,12.974607290998392
16-256-16,3,10417,0.871750552755266,0.3953751818650537,17,13.138678207998964
64-128-32-16,4,20737,0.8624108277029758,0.36003473303574296,5,14.023965166999915
32-256-16-128,4,18737,0.8668777301723066,0.4078902816565425,9,14.494958750001388
32-256-32-256,4,29249,0.8663510169938228,0.4006187922765775,7,14.126104083001337
32-16-128-128,4,23217,0.8709554691847392,0.38113567587417807,6,13.873223333001079
64-16-128-128,4,27601,0.8685120319722288,0.3614785303205277,5,16.17791374999979
64-64-32,3,14017,0.863749743949709,0.3394014446539445,3,15.431374957999651
256-64-32-16,4,50049,0.8584844923409214,0.2933451650272628,2,16.981906875000277
32-128,2,8225,0.8632227668868672,0.31380129189909933,3,11.154654833999302
16-64-32,3,5137,0.8637818058992008,0.3592542485595326,6,13.227428000000145
256-128-128-128,4,97025,0.8622393358558479,0.3159057123337072,3,16.356454000000667
16-64-256-128,4,52689,0.8747259148623299,0.41287757806103104,12,12.606493499999488
16-16-64,3,3361,0.8794605939838982,0.39502725469104777,17,13.164110833999075
128-128-16-128,4,36369,0.8618411013741448,0.37917798431506067,5,16.43399637500079
256-128-128,3,80513,0.8590105128229656,0.34265476339252543,4,16.324129250000624
256-128-64,3,72193,0.8650597648592457,0.36455995798240354,5,14.97988529199938
32-32-64-32,4,9153,0.8694729668617321,0.4009544911266364,8,12.92010874999869
256-32-64-32,4,43425,0.8644759207172641,0.33624459893342773,3,17.255435000000944
128-128-128,3,48641,0.8618456533793195,0.36148746027871775,4,14.496766000000207
128-16-256-64,4,38417,0.8690415159364712,0.3899206126241397,4,12.73827933299981
256-256-256-256,4,228609,0.8702491167295756,0.39238945822481874,4,12.633603374999439
256-64-256-32,4,72321,0.8632142896018676,0.3305455909169847,3,15.011911749999854
32-256-32,3,20577,0.8621682520069229,0.3781735973627955,17,12.599750291999953
16-256-128-256,4,72465,0.8710038259933349,0.3922112122137863,6,14.376760707998983
32-32-64-256,4,23937,0.87246719670039,0.38598689369852907,5,18.229437416999644
32-32-128-64,4,17473,0.8721068626095986,0.398101493019833,5,13.88123291699958
32-256-256,3,78369,0.8719664761311652,0.4071456779612404,7,11.770918333000736
128-32-16-256,4,24753,0.8664588137540485,0.3679808215395303,4,18.083329166000112
64-128-128-256,4,65857,0.871598093567456,0.3945948729734198,4,16.761929083000723
256-32-256-32,4,55905,0.861822233642551,0.3359320149445878,3,14.683316417000242
16-64-64-256,4,24081,0.8652956115041706,0.3671763750447907,5,14.53156991600008
64-32-32,3,10913,0.8609769790584673,0.34936874579367805,7,13.191001666000375
128-16-32,3,18129,0.8620842708100028,0.3353047805004973,3,15.939835125000172
64-256-16-128,4,30801,0.8660997331139574,0.3876518436263664,5,13.94343470900094
16-128-16,3,6193,0.8678722113608154,0.37081690604612705,10,13.24553429200023
16-128-128,3,20753,0.8685748364494227,0.3715538173827373,8,12.462073958999099
64-64-256,3,28801,0.8645779120216148,0.3715732859512899,8,15.051921459000368
32-256-32-128,4,24897,0.8669364444419522,0.39081443282421924,7,13.812542499999836
128-32-64,3,21793,0.863995123417065,0.3171789033852655,4,15.196765000000596
128-256-128,3,81537,0.8649562232342919,0.3570145777503211,3,15.64343395799915
32-256-32-32,4,21633,0.8618617173396104,0.34959909197731354,3,13.648696333000771
32-32-32-256,4,14689,0.8689781836905613,0.40476875883149316,6,13.104787832999136
256-128-16-128,4,68241,0.8645468396384651,0.33919829361421394,3,17.216735125000923
64-64-32-16,4,14529,0.8653809451084252,0.34080983544138826,5,17.853544624998904
256-128-256-16,4,101025,0.8657645010227168,0.30714423858503,3,17.424101750000773
16-256-256-64,4,88593,0.8702259608771648,0.4123240017544276,11,14.820842749999429
128-32-256,3,28321,0.8669390832855318,0.3906266359882594,7,15.559142207999685
64-32-256-128,4,51297,0.8643862330211033,0.4031342891502513,6,12.519409292001
32-32-32,3,6017,0.8704703507781785,0.40484683436204966,12,13.180039291999492
16-16-64-256,4,20193,0.8718712798490318,0.38505967307954064,7,14.187348833000215
64-16-32-32,4,10417,0.8654950421076971,0.3716845356596161,10,13.046469249999063
64-256-256-64,4,106689,0.866286365326123,0.39113979795525544,6,15.198480790999383
128-128-32,3,36161,0.8579121931396004,0.33853869116690816,4,14.28947904099914
32-256-256-128,4,111137,0.866474646815526,0.3876028399762883,4,14.451138833999721
32-16-16-256,4,9281,0.8685166499484931,0.3662524271679351,7,13.7679829159988
256-16-256-64,4,55953,0.868073192284945,0.3685768266534144,3,18.319785416999366
32-64-256,3,22881,0.8646045643417686,0.39107937215327676,7,13.182052832999034
64-128-16-16,4,18417,0.8660845267778302,0.3297159202644015,4,14.84650262499963
32-64-32,3,8097,0.8645060035340711,0.3654944633908955,6,13.167554624998957
256-256-32-16,4,105537,0.8595011068299541,0.33015821389478517,3,15.872867999998562
16-128-16-64,4,7329,0.8646124149014177,0.31525614378690087,4,14.46627054199962
256-256-32-256,4,113697,0.8665335589984401,0.3601704303872439,3,14.432802916000583
256-64-16,3,48481,0.860889666321528,0.34263811996327176,4,15.643863166998926
16-256-256,3,72337,0.8667102295760929,0.36672761130937,3,11.52753174999998
32-64-64-128,4,18593,0.8667320000356243,0.3932639649216867,8,13.831367749999117
16-16-16-16,4,2769,0.8655250589534148,0.3818825743447467,15,13.021575042001132
32-256-256-16,4,82241,0.8700044299586591,0.38859037624017445,11,15.738888957999734
64-16-128,3,11089,0.8641329700085533,0.354083034244241,5,15.091784457999893
128-64-16-32,4,25361,0.862703211571593,0.3476326225602562,6,14.643197833000158
32-256-256-256,4,144161,0.8659310120525883,0.4086602102386861,5,14.791840083998977
256-64-32-32,4,50593,0.8598303025665064,0.3224594046542945,3,13.885422874998767
32-128-128-32,4,28769,0.8637642246038519,0.3624562919242353,9,15.020609125000192
64-64-256-256,4,94593,0.8668003790698802,0.4025060507638678,4,12.543593583999609
256-256-256,3,162817,0.8613922010957138,0.34411549416916787,5,15.53015724999932
32-128-16-64,4,11313,0.8662187449593965,0.3940075573581262,11,14.645928750000166
64-32-64,3,12001,0.8644257167181626,0.35029770462053356,3,15.31690033400082
64-16-32-256,4,18033,0.8672928202673742,0.3650546064644986,4,16.51685358299983
64-128-16-64,4,19281,0.8701077736703444,0.3954682991582363,8,14.142204707999554
16-128-64,3,12433,0.8672684109642632,0.38118810407362486,7,12.387560334000227
128-32-64-64,4,25953,0.8678957960253079,0.39309861830038795,7,13.650547999999617
32-16-256-32,4,17009,0.8709232423075236,0.39455453305558785,8,13.718114084000263
128-256-256-64,4,130817,0.8603302974537468,0.383699329290255,4,16.20812416699846
32-128-256,3,41377,0.8652193489247207,0.3881806063846501,9,12.532169582998904
32-64-256-128,4,55649,0.8676601802791962,0.4029809348597153,9,13.28320204100055
64-32-16-32,4,10929,0.8643136978082094,0.3525424619345453,6,12.911792459000935
64-16-32-64,4,11505,0.8637873804562627,0.36368676232255653,6,17.86836908300029
128-32-32-128,4,25025,0.8643752488347031,0.3775694291645038,4,16.90751016700051
64-32-256-16,4,22401,0.868622236677221,0.38447975368634896,6,18.279607583999677
128-16-16,3,17841,0.8625902030952975,0.3253491775960131,5,16.680159582998385
128-128-256,3,65281,0.8593420835187395,0.3153031521147513,2,15.791693250001117
256-64-128,3,55873,0.8609858521700035,0.37624333273397564,6,14.212757041999794
128-32-32-16,4,21217,0.8611002460391782,0.33444013020854135,4,16.63027104199864
16-64-32-16,4,5649,0.8621543650925854,0.33056443104271205,4,13.347419292000268
256-32-64,3,41377,0.8636855210940909,0.3534882998108087,4,17.03181300000142
256-16-32-64,4,37809,0.8627077635767678,0.31911180808426853,3,13.714503332999811
32-256,2,12577,0.8596767548557196,0.3838880632123984,10,11.030830666000838
128-32-16-32,4,20721,0.8634044182817764,0.3222791180501245,4,16.674022708000848
256-16-32,3,35665,0.8640216437950397,0.31499847510710705,4,15.528991791999943
32-64-64-64,4,14369,0.8652436262856528,0.40272267879406076,7,14.59039570799905
256-64-256,3,64321,0.864887217474686,0.3746053040169092,5,16.20755429199926
16-256-256-16,4,76209,0.868626755696851,0.375447796987748,4,14.919432374999815
256-32-256-64,4,64161,0.867349819288693,0.36746664449388555,3,12.574065834000066
16-64-64-16,4,8241,0.8749911186420772,0.3722769922942473,7,12.498375791999933
64-32-64-16,4,12993,0.8615464085173955,0.36917637469076336,9,16.494580291999227
16-128-16-128,4,8481,0.8753773793710382,0.4034641268172836,9,13.6719690000009
16-256-32,3,14545,0.8756715444590717,0.39189849564451623,15,12.414104416000555
128-64-32-64,4,28001,0.8608979456932588,0.3370116981562274,6,14.087896875000297
32-256-16-64,4,17585,0.8615276397424356,0.34589213322369944,4,13.775180459000694
256-128-128-64,4,88705,0.8646463900125048,0.35543832701659,4,17.86943570800031
64-256-32-128,4,36961,0.8651738948440625,0.38074627138099504,5,14.204490707999867
16-128-256-64,4,53649,0.868343640766307,0.42102856469846556,18,12.963811624998925
64-128-256,3,49345,0.8661482218647323,0.39631267051895414,7,12.80819212499955
128-128-256-64,4,81537,0.868912443499885,0.3652989519721202,3,14.119060834000265
128-16-64,3,18705,0.86093076631028,0.3618560734413908,5,15.121542417000455
16-128-32-128,4,12593,0.8641659885388426,0.3407485243584747,2,13.928356000000349
128-64-32-256,4,34529,0.8615622415788728,0.3619678797916906,2,14.87260087499999
16-32-32-128,4,7889,0.8736222185351713,0.3974693710219842,13,14.451783291000538
16-64-16-16,4,4353,0.8660924103230242,0.36927069032002346,16,12.756467708000855
256-16-16,3,35377,0.8640275482075491,0.34570186153906396,5,15.148978167000678
256-64-256-256,4,130113,0.8650249321239952,0.3983101712518632,4,15.144321249999848
16-32-16-16,4,3297,0.8683200890873594,0.388167602814442,15,12.761655583999527
32-16-16-128,4,6977,0.8701010776047613,0.3467774233262163,4,16.470012290999875
32-16-256,3,9009,0.8701899406623035,0.3879009870074785,11,12.345427750000454
128-64-64-256,4,44801,0.8648080851528435,0.3842609485270439,4,14.744636375000482
256-256-128,3,129793,0.8637512282992224,0.33680212044186547,2,14.779484040998796
32-16-128,3,6705,0.8715572904486067,0.3979810552764784,8,14.696095875000537
256-128-256,3,97153,0.8624959963795067,0.3497344973433255,3,13.90255795899975
16-256-128,3,39313,0.8653824624434833,0.3897090592882692,9,15.190609833000053
256-64-128-16,4,57825,0.8623715089336401,0.32331929670457016,2,14.204842667000776
128-32-64-32,4,23841,0.8675043565658221,0.35176676354613057,6,15.099658375000217
64-256-64,3,40897,0.8566263506343614,0.3027884529222964,1,16.107008124999993
256-128-32-128,4,72353,0.8655898425632934,0.3541647677074482,6,17.51801562500077
128-64-32-32,4,26913,0.8611136381703447,0.3383350098527652,3,14.205670291999922
256-128-256-128,4,129921,0.8645488847422393,0.37268160365418007,4,16.831598250000752
128-256-16,3,52641,0.8612259209646557,0.32338560240639247,3,14.92098758300017
16-128-64-16,4,13425,0.8646320742860856,0.3619223771301177,6,13.788480249999338
32-16-16-32,4,5249,0.8685453143868762,0.3776268199559377,9,13.73792095799945
16-64-128,3,11473,0.8710174820088593,0.41279838702235294,12,12.812730624998949
128-256-128-32,4,85569,0.8594136621508357,0.3382620339034268,2,15.970905124999263
128-32-128-64,4,32161,0.8694512623732902,0.3774731877356818,4,18.86982316600006
64-128-64-64,4,28545,0.8655418815812346,0.36979044417507806,6,16.87699149999935
256-64-64,3,51649,0.8624839566556747,0.34152011719632713,4,12.431434332998833
256-32-32-16,4,40801,0.860159069490977,0.32364912265552526,3,17.94417995799995
16-32-256-32,4,19185,0.8711919425550142,0.37455736049821203,6,13.82399791700118
128-64-32,3,25857,0.8605070340024891,0.3357484359569876,2,15.078991708000103
64-128-256-16,4,53217,0.8661839781952355,0.39172998885143484,5,13.946084083001551
256-16-256,3,39697,0.8651308157226258,0.33377175145655275,5,15.941078541000024
16-128-16-256,4,10785,0.8722645335134783,0.4026562491436111,5,15.359880875001181
64-32-64-256,4,28833,0.8662867281671153,0.3968614956578297,5,14.613646499999959
32-64-16,3,7041,0.8649925403190559,0.34234446758252113,7,13.092733041999963
64-64-64-32,4,18177,0.860235167142703,0.3756219881274788,5,14.20991154100011
16-256-64-256,4,39633,0.8625594605675957,0.3673482047101566,9,14.002600084000733
16-64-32-256,4,13809,0.8652953806053572,0.3684398846342637,4,14.694982291000997
32-128-64-256,4,33249,0.867162494380088,0.3931165686755874,8,13.887992125000892
256-32-16-64,4,40881,0.8609536912638776,0.3354806359703961,5,18.703567667000243
128-32-32,3,20705,0.8596250994926493,0.3254850873659466,4,14.781264499999452
16-256-64-16,4,23793,0.8652130157001297,0.3706939748636012,7,13.71572441600074
32-256-16-16,4,16721,0.8613457904342582,0.33609005583003365,6,13.758457292000458
64-256-128-16,4,59361,0.865617814305237,0.3481105055729929,3,16.05720358399958
64-16-16,3,9073,0.8615898504798243,0.32820413737181836,6,13.160867583999789
32-32-256-128,4,46401,0.8723852276216993,0.4126521441000078,7,13.908257250001043
32-32-32-64,4,8161,0.8684124156270997,0.384731185693506,5,13.712993582999843
256-256-32,3,105025,0.861198476991428,0.3343909186322996,3,17.98413216699919
64-64-64,3,16129,0.863938256337925,0.33079135029912254,4,15.67507037500036
16-16-16-256,4,7089,0.870992940763569,0.40563183336073133,19,13.680257624999285
256-64-16-256,4,53073,0.8673586594146847,0.39210113421628834,4,20.453128082999683
128-16-128,3,19857,0.8661255937810373,0.3579058705675688,5,13.771301499999026
64-16-256,3,13393,0.864165295842403,0.34416324387996095,4,12.373962374998882
64-128-16-256,4,22737,0.8682404949678904,0.38495482772331324,5,15.15350508299889
256-64-128-64,4,64065,0.86176160621131,0.30633984193023084,1,19.315642708001178
256-256-64-16,4,114273,0.8644462337269938,0.32298579930027727,3,17.03776737499902
256-16-16-32,4,35937,0.8601811368204113,0.3231357786510027,5,17.5975539580013
16-64-16,3,4081,0.8639633913230205,0.382784036035906,13,13.385498291998374
32-16-128-64,4,14897,0.876076738890716,0.39999652082361037,6,13.788187375001144
16-16-128-64,4,12705,0.8658072173031612,0.40307070307232185,10,13.800316667000516
16-256-32-16,4,15057,0.8607401758327449,0.35338524852994835,5,14.086446208999405
32-32-64,3,7105,0.8616832325569965,0.3528978537757273,4,13.209782915999313
128-128-128-16,4,50593,0.8623455822954706,0.32753018020188196,3,16.20497158299986
64-64-128-256,4,53505,0.8651565444475268,0.37991057914938675,3,14.309351208001317
128-128-128-256,4,81793,0.86459143609496,0.38442226154340736,7,15.436816916999305
16-32-128-32,4,10865,0.8752147606354467,0.3945871562314005,12,13.81232262499907
16-256-64-64,4,26961,0.8710331171570682,0.4003080942252046,11,13.84844349999912
16-128-32,3,8273,0.8716019528761911,0.384310890425076,20,14.064427749999595
256-16-128-32,4,41425,0.8628534937134498,0.3444124333793923,3,16.170983166999576
256-256-128-16,4,131745,0.8670538070101539,0.3657349821736493,4,16.921321583000463
32-64-128,3,14433,0.8674685672497741,0.38612326189560847,9,12.687434707999273
64-128-64-128,4,32769,0.8684642359178938,0.374570967968901,4,16.156840833000388
